Time (Date hh:mm:ss.ms),LEQ dBdB-A ,Lmin dBdB-A ,L10 dBdB-A ,Lmax dBdB-A ,L90 dBdB-A ,L50 dBdB-A ,
2020/03/10 05:50:00.138,71.355018 ,68.084706 ,72.497706 ,78.984706 ,69.955706 ,71.103706 ,
2020/03/10 06:00:00.161,70.866981 ,66.284706 ,71.802206 ,88.884706 ,68.842206 ,70.137206 ,
2020/03/10 06:10:00.185,71.585496 ,67.584706 ,72.283706 ,91.384706 ,69.307706 ,70.423706 ,
2020/03/10 06:20:00.209,71.085034 ,67.984706 ,72.176206 ,76.884706 ,69.782206 ,70.865206 ,
2020/03/10 06:30:00.232,70.619548 ,67.384706 ,71.757206 ,80.184706 ,69.045206 ,70.288206 ,
2020/03/10 06:40:00.256,70.573935 ,67.184706 ,71.658206 ,77.384706 ,69.288206 ,70.394206 ,
2020/03/10 06:50:00.279,71.178593 ,67.584706 ,72.342206 ,83.884706 ,69.722206 ,70.901206 ,
2020/03/10 07:00:00.303,71.052817 ,67.784706 ,72.194706 ,78.484706 ,69.854706 ,70.754706 ,
2020/03/10 07:10:00.327,71.938340 ,68.084706 ,73.400706 ,80.684706 ,70.304706 ,71.672706 ,
2020/03/10 07:20:00.350,71.113304 ,67.584706 ,72.547206 ,79.684706 ,69.147206 ,70.762206 ,
2020/03/10 07:30:00.374,70.781030 ,67.184706 ,72.059706 ,78.984706 ,68.909706 ,70.619706 ,
2020/03/10 07:40:00.397,71.339627 ,67.784706 ,72.576206 ,79.084706 ,69.445206 ,71.061206 ,
2020/03/10 07:50:00.421,72.289175 ,69.484706 ,73.103206 ,79.484706 ,71.278206 ,72.081206 ,
2020/03/10 08:00:00.445,71.749650 ,66.684706 ,72.996706 ,79.384706 ,69.444706 ,71.652706 ,
2020/03/10 08:10:00.468,71.785279 ,68.684706 ,72.697206 ,79.884706 ,70.622206 ,71.618206 ,
2020/03/10 08:20:00.492,73.163564 ,69.684706 ,73.996206 ,78.484706 ,71.980206 ,73.177206 ,
2020/03/10 08:30:00.515,72.524059 ,67.584706 ,73.791206 ,78.584706 ,69.762206 ,72.606206 ,
2020/03/10 08:40:00.539,71.831392 ,68.084706 ,73.177706 ,75.784706 ,69.775706 ,71.773706 ,
2020/03/10 08:50:00.563,73.862340 ,68.784706 ,74.878206 ,81.084706 ,72.700206 ,73.591206 ,
2020/03/10 09:00:00.586,71.231230 ,68.584706 ,72.066206 ,78.684706 ,70.190206 ,71.061206 ,
2020/03/10 09:10:00.610,72.634353 ,67.884706 ,73.994706 ,78.384706 ,70.118706 ,72.778706 ,
2020/03/10 09:20:00.633,69.816396 ,66.584706 ,70.709206 ,76.784706 ,68.757206 ,69.672206 ,
2020/03/10 09:30:00.657,70.992387 ,66.984706 ,71.653706 ,84.684706 ,69.061706 ,70.033706 ,
2020/03/10 09:40:00.681,71.299973 ,67.184706 ,72.268206 ,89.284706 ,69.523206 ,70.804206 ,
2020/03/10 09:50:00.704,72.161856 ,69.284706 ,73.044206 ,80.684706 ,70.819206 ,71.976206 ,
2020/03/10 10:00:00.728,71.776977 ,67.284706 ,72.629706 ,80.684706 ,70.577706 ,71.831706 ,
2020/03/10 10:10:00.751,71.983179 ,65.684706 ,73.549206 ,85.884706 ,68.236206 ,71.939206 ,
2020/03/10 10:20:00.775,70.681205 ,66.684706 ,71.842206 ,83.884706 ,69.007206 ,70.087206 ,
2020/03/10 10:30:00.799,70.726046 ,68.084706 ,71.561206 ,83.384706 ,69.440206 ,70.248206 ,
2020/03/10 10:40:00.822,71.488312 ,68.384706 ,72.712206 ,83.284706 ,69.982206 ,71.032206 ,
2020/03/10 10:50:00.846,71.654948 ,68.884706 ,72.439706 ,84.184706 ,70.559706 ,71.499706 ,
2020/03/10 11:00:00.869,71.973293 ,69.284706 ,72.687706 ,80.884706 ,70.851706 ,71.667706 ,
2020/03/10 11:10:00.893,71.805731 ,69.184706 ,72.784706 ,77.284706 ,70.784706 ,71.704706 ,
2020/03/10 11:20:00.917,72.869997 ,69.984706 ,73.764206 ,77.584706 ,71.877206 ,72.795206 ,
2020/03/10 11:30:00.940,72.115852 ,69.384706 ,73.086706 ,77.484706 ,71.106706 ,71.986706 ,
2020/03/10 11:40:00.964,72.811981 ,67.784706 ,74.196206 ,79.284706 ,70.692206 ,72.809206 ,
2020/03/10 11:50:00.987,71.646366 ,67.284706 ,73.447206 ,78.384706 ,69.086206 ,71.222206 ,
2020/03/10 12:00:01.011,71.021630 ,66.784706 ,72.257706 ,78.084706 ,69.591706 ,70.795706 ,
2020/03/10 12:10:01.034,71.601599 ,69.184706 ,72.491706 ,78.284706 ,70.569706 ,71.375706 ,
2020/03/10 12:20:01.058,71.227879 ,67.984706 ,72.200206 ,81.384706 ,70.121206 ,71.111206 ,
2020/03/10 12:30:01.082,71.567466 ,68.784706 ,72.681706 ,79.884706 ,70.359706 ,71.391706 ,
2020/03/10 12:40:01.105,72.831531 ,69.984706 ,73.648706 ,89.784706 ,71.672706 ,72.432706 ,
2020/03/10 12:50:01.129,73.079456 ,70.084706 ,74.059706 ,81.284706 ,71.449706 ,72.709706 ,
2020/03/10 13:00:01.152,72.009296 ,67.584706 ,73.485206 ,77.984706 ,69.908206 ,71.952206 ,
2020/03/10 13:10:01.176,72.583736 ,68.684706 ,73.334706 ,85.784706 ,70.534706 ,72.074706 ,
2020/03/10 13:20:01.200,71.990239 ,69.384706 ,73.115206 ,78.784706 ,70.772206 ,71.766206 ,
2020/03/10 13:30:01.223,72.557961 ,69.484706 ,73.207206 ,90.284706 ,71.192206 ,72.122206 ,
2020/03/10 13:40:01.247,72.773448 ,69.784706 ,74.088706 ,84.184706 ,71.400706 ,72.264706 ,
2020/03/10 13:50:01.270,72.736892 ,69.184706 ,73.662206 ,91.284706 ,71.072206 ,72.367206 ,
2020/03/10 14:00:01.294,71.713958 ,68.984706 ,72.687206 ,79.684706 ,70.716206 ,71.373206 ,
2020/03/10 14:10:01.318,72.257338 ,69.084706 ,73.067206 ,78.684706 ,71.052206 ,72.157206 ,
2020/03/10 14:20:01.341,71.628753 ,68.884706 ,72.662706 ,80.484706 ,70.458706 ,71.446706 ,
2020/03/10 14:30:01.365,73.126354 ,69.984706 ,73.933706 ,82.984706 ,71.539706 ,72.451706 ,
2020/03/10 14:40:01.388,72.512180 ,69.084706 ,73.521206 ,80.384706 ,70.993206 ,72.494206 ,
2020/03/10 14:50:01.412,72.364527 ,69.384706 ,73.592706 ,78.984706 ,71.000706 ,72.080706 ,
2020/03/10 15:00:01.436,71.979518 ,67.984706 ,73.232706 ,80.684706 ,70.432706 ,71.664706 ,
2020/03/10 15:10:01.459,71.847830 ,68.084706 ,73.224706 ,80.184706 ,70.184706 ,71.544706 ,
2020/03/10 15:20:01.483,73.353875 ,69.084706 ,74.030706 ,96.084706 ,70.838706 ,71.978706 ,
2020/03/10 15:30:01.506,71.948972 ,68.784706 ,73.311706 ,78.484706 ,70.605706 ,71.661706 ,
2020/03/10 15:40:01.530,71.654907 ,68.484706 ,72.962706 ,78.484706 ,70.106706 ,71.398706 ,
2020/03/10 15:50:01.554,72.176611 ,68.784706 ,73.448206 ,85.084706 ,70.223206 ,71.642206 ,
2020/03/10 16:00:01.577,72.200780 ,68.784706 ,73.580706 ,77.884706 ,70.700706 ,71.852706 ,
2020/03/10 16:10:01.601,72.702220 ,69.284706 ,73.959206 ,78.084706 ,71.406206 ,72.372206 ,
2020/03/10 16:20:01.624,71.599835 ,68.084706 ,73.161706 ,77.684706 ,69.979706 ,71.163706 ,
2020/03/10 16:30:01.648,71.810554 ,68.184706 ,73.216706 ,78.484706 ,70.312706 ,71.368706 ,
2020/03/10 16:40:01.672,72.146497 ,67.984706 ,73.925706 ,80.084706 ,70.103706 ,71.573706 ,
2020/03/10 16:50:01.695,75.573532 ,69.584706 ,75.286706 ,94.484706 ,71.410706 ,72.550706 ,
2020/03/10 17:00:01.719,72.377647 ,68.884706 ,73.565706 ,84.084706 ,71.021706 ,71.975706 ,
2020/03/10 17:10:01.742,72.189501 ,69.084706 ,73.498706 ,78.684706 ,70.762706 ,71.902706 ,
2020/03/10 17:20:01.766,72.855012 ,69.384706 ,74.171206 ,77.984706 ,71.491206 ,72.563206 ,
2020/03/10 17:30:01.790,73.410580 ,70.284706 ,74.489706 ,79.584706 ,71.899706 ,73.299706 ,
2020/03/10 17:40:01.813,73.046952 ,69.084706 ,74.195206 ,80.184706 ,71.219206 ,72.986206 ,
2020/03/10 17:50:01.837,71.228338 ,67.484706 ,72.597206 ,76.984706 ,69.672206 ,70.872206 ,
2020/03/10 18:00:01.860,72.345757 ,68.284706 ,73.585206 ,78.384706 ,70.662206 ,72.163206 ,
2020/03/10 18:10:01.884,72.970810 ,70.184706 ,73.962206 ,78.984706 ,71.796206 ,72.879206 ,
2020/03/10 18:20:01.908,73.498358 ,70.784706 ,74.703206 ,78.084706 ,72.265206 ,73.272206 ,
2020/03/10 18:30:01.931,73.469034 ,70.384706 ,74.914706 ,77.784706 ,71.974706 ,73.174706 ,
2020/03/10 18:40:01.955,72.798242 ,67.884706 ,74.340706 ,82.484706 ,70.388706 ,72.676706 ,
2020/03/10 18:50:01.978,70.784823 ,66.984706 ,71.976206 ,77.784706 ,69.403206 ,70.565206 ,
2020/03/10 19:00:02.002,70.214745 ,66.284706 ,71.371206 ,78.684706 ,68.641206 ,70.006206 ,
2020/03/10 19:10:02.026,70.497806 ,55.684706 ,70.917706 ,86.484706 ,68.655706 ,69.525706 ,
2020/03/10 19:20:02.049,70.681043 ,66.484706 ,72.104706 ,76.984706 ,68.904706 ,70.584706 ,
2020/03/10 19:30:02.073,71.482120 ,68.684706 ,72.503206 ,80.584706 ,70.397206 ,71.288206 ,
2020/03/10 19:40:02.096,71.506811 ,66.084706 ,72.814206 ,82.784706 ,69.061206 ,71.007206 ,
2020/03/10 19:50:02.120,70.229032 ,63.984706 ,71.805206 ,78.484706 ,68.175206 ,69.990206 ,
2020/03/10 20:00:02.144,71.100638 ,67.484706 ,72.547706 ,77.284706 ,69.505706 ,70.675706 ,
2020/03/10 20:10:02.167,70.952557 ,66.584706 ,72.247206 ,78.584706 ,69.357206 ,70.717206 ,
2020/03/10 20:20:02.191,70.982504 ,66.584706 ,72.524206 ,80.884706 ,68.972206 ,70.637206 ,
2020/03/10 20:30:02.214,72.146291 ,67.484706 ,72.691706 ,94.484706 ,69.583706 ,70.915706 ,
2020/03/10 20:40:02.238,71.102600 ,67.784706 ,72.375206 ,75.984706 ,69.569206 ,70.911206 ,
2020/03/10 20:50:02.262,70.842450 ,66.884706 ,72.362206 ,79.084706 ,69.047206 ,70.492206 ,
2020/03/10 21:00:02.285,70.606366 ,65.884706 ,72.119706 ,77.684706 ,68.879706 ,70.319706 ,
2020/03/10 21:10:02.309,70.222546 ,64.284706 ,72.138206 ,83.684706 ,66.107206 ,69.530206 ,
2020/03/10 21:20:02.332,66.806347 ,63.984706 ,67.860706 ,74.284706 ,65.484706 ,66.564706 ,
2020/03/10 21:30:02.356,66.874015 ,63.384706 ,68.060706 ,77.084706 ,64.796706 ,66.812706 ,
2020/03/10 21:40:02.380,65.563951 ,62.684706 ,66.611206 ,73.684706 ,64.147206 ,65.148206 ,
2020/03/10 21:50:02.403,65.202052 ,61.884706 ,66.527206 ,75.384706 ,63.587206 ,64.742206 ,
2020/03/10 22:00:02.427,65.483615 ,62.184706 ,67.297206 ,73.584706 ,63.772206 ,64.747206 ,
2020/03/10 22:10:02.450,67.202305 ,62.884706 ,67.874706 ,81.284706 ,65.066706 ,66.158706 ,
2020/03/10 22:20:02.474,66.732008 ,63.284706 ,68.101206 ,77.084706 ,65.094206 ,66.355206 ,
2020/03/10 22:30:02.498,66.404075 ,62.684706 ,68.172206 ,84.584706 ,63.972206 ,65.372206 ,
2020/03/10 22:40:02.521,66.924246 ,62.784706 ,68.007706 ,84.484706 ,63.821706 ,65.823706 ,
2020/03/10 22:50:02.545,67.012907 ,64.584706 ,67.889706 ,73.084706 ,65.777706 ,66.767706 ,
2020/03/10 23:00:02.568,66.811363 ,62.884706 ,68.324206 ,76.184706 ,64.319206 ,66.544206 ,
2020/03/10 23:10:02.592,68.305987 ,65.884706 ,68.629706 ,81.484706 ,67.289706 ,67.825706 ,
2020/03/10 23:20:02.616,67.846452 ,64.584706 ,69.129206 ,86.484706 ,66.231206 ,67.358206 ,
2020/03/10 23:30:02.639,66.633219 ,64.284706 ,67.492206 ,73.384706 ,65.802206 ,66.387206 ,
2020/03/10 23:40:02.663,67.301806 ,64.984706 ,67.984706 ,74.384706 ,66.512706 ,67.216706 ,
2020/03/10 23:50:02.686,66.230393 ,61.684706 ,67.009706 ,79.584706 ,63.859706 ,65.209706 ,
2020/03/11 00:00:02.710,62.899987 ,59.884706 ,63.809206 ,76.084706 ,61.282206 ,62.213206 ,
2020/03/11 00:10:02.733,64.238911 ,59.584706 ,65.821206 ,75.084706 ,61.629206 ,63.332206 ,
2020/03/11 00:20:02.757,64.132301 ,59.584706 ,64.745206 ,78.884706 ,61.325206 ,62.864206 ,
2020/03/11 00:30:02.781,63.423881 ,60.684706 ,65.164706 ,73.884706 ,61.708706 ,62.572706 ,
2020/03/11 00:40:02.804,64.967907 ,60.984706 ,66.930706 ,75.584706 ,62.310706 ,63.366706 ,
2020/03/11 00:50:02.828,63.296522 ,60.584706 ,64.587706 ,70.784706 ,61.963706 ,62.783706 ,
2020/03/11 01:00:02.851,63.309192 ,60.384706 ,63.597206 ,80.084706 ,61.582206 ,62.202206 ,
2020/03/11 01:10:02.875,62.654711 ,59.984706 ,63.942206 ,70.584706 ,61.187206 ,61.852206 ,
2020/03/11 01:20:02.899,62.950081 ,59.984706 ,63.745206 ,74.284706 ,61.423206 ,62.326206 ,
2020/03/11 01:30:02.922,62.488148 ,60.084706 ,63.149706 ,74.384706 ,61.211706 ,61.895706 ,
2020/03/11 01:40:02.946,65.763175 ,60.384706 ,69.601206 ,77.684706 ,61.555206 ,63.194206 ,
2020/03/11 01:50:02.969,63.823954 ,60.484706 ,65.427706 ,73.984706 ,61.769706 ,62.831706 ,
2020/03/11 02:00:02.993,62.260171 ,60.084706 ,62.958206 ,73.684706 ,61.039206 ,61.746206 ,
2020/03/11 02:10:03.017,65.995538 ,59.184706 ,64.091206 ,88.084706 ,61.220206 ,62.003206 ,
2020/03/11 02:20:03.040,62.019178 ,59.784706 ,62.680706 ,70.284706 ,61.168706 ,61.816706 ,
2020/03/11 02:30:03.064,63.619457 ,59.684706 ,64.215706 ,80.484706 ,61.485706 ,62.213706 ,
2020/03/11 02:40:03.087,64.822676 ,60.684706 ,66.660206 ,82.184706 ,62.058206 ,63.651206 ,
2020/03/11 02:50:03.111,64.240573 ,60.284706 ,66.579706 ,75.284706 ,61.621706 ,62.425706 ,
2020/03/11 03:00:03.135,63.080755 ,60.484706 ,63.729206 ,79.084706 ,61.638206 ,62.253206 ,
2020/03/11 03:10:03.158,66.263524 ,60.384706 ,69.709706 ,75.484706 ,61.843706 ,63.775706 ,
2020/03/11 03:20:03.182,71.849446 ,66.284706 ,73.560706 ,77.884706 ,69.720706 ,71.544706 ,
2020/03/11 03:30:03.205,71.466792 ,66.084706 ,73.262706 ,77.484706 ,68.846706 ,71.054706 ,
2020/03/11 03:40:03.229,71.573822 ,66.484706 ,73.338706 ,79.384706 ,69.450706 ,71.070706 ,
2020/03/11 03:50:03.253,71.493544 ,67.184706 ,72.985206 ,77.584706 ,69.588206 ,71.168206 ,
2020/03/11 04:00:03.276,71.368450 ,66.984706 ,72.879706 ,76.384706 ,69.449706 ,71.059706 ,
2020/03/11 04:10:03.300,71.337786 ,66.984706 ,72.716706 ,78.184706 ,69.724706 ,71.044706 ,
2020/03/11 04:20:03.323,71.828541 ,65.784706 ,72.625206 ,92.984706 ,69.280206 ,70.618206 ,
2020/03/11 04:30:03.347,70.573065 ,66.484706 ,71.592706 ,77.084706 ,69.352706 ,70.376706 ,
2020/03/11 04:40:03.371,70.754892 ,65.884706 ,72.454706 ,76.484706 ,68.758706 ,70.354706 ,
2020/03/11 04:50:03.394,70.112145 ,64.884706 ,71.604206 ,75.284706 ,68.367206 ,69.778206 ,
2020/03/11 05:00:03.418,70.953470 ,65.584706 ,72.182206 ,81.884706 ,69.134206 ,70.531206 ,
2020/03/11 05:10:03.441,70.998212 ,66.684706 ,72.243206 ,81.684706 ,69.097206 ,70.428206 ,
2020/03/11 05:20:03.465,70.861308 ,66.484706 ,71.974206 ,81.884706 ,69.375206 ,70.505206 ,
2020/03/11 05:30:03.489,71.556164 ,66.584706 ,72.813206 ,80.984706 ,69.310206 ,71.005206 ,
2020/03/11 05:40:03.512,72.874820 ,67.884706 ,73.931206 ,86.084706 ,70.547206 ,71.957206 ,
2020/03/11 05:50:03.536,74.027116 ,67.884706 ,77.149706 ,84.984706 ,70.333706 ,72.179706 ,
2020/03/11 06:00:03.559,72.837963 ,67.184706 ,75.408206 ,85.184706 ,69.822206 ,71.439206 ,
2020/03/11 06:10:03.583,73.368585 ,66.784706 ,76.224706 ,82.384706 ,69.568706 ,72.000706 ,
2020/03/11 06:20:03.607,72.628855 ,67.584706 ,75.332706 ,83.184706 ,69.828706 ,71.364706 ,
2020/03/11 06:30:03.630,72.125982 ,67.484706 ,73.518206 ,83.684706 ,69.948206 ,71.257206 ,
2020/03/11 06:40:03.654,71.350032 ,66.784706 ,73.256206 ,81.784706 ,68.853206 ,70.400206 ,
2020/03/11 06:50:03.677,73.406268 ,66.884706 ,76.396706 ,83.484706 ,69.916706 ,71.932706 ,
2020/03/11 07:00:03.701,74.432698 ,68.484706 ,77.633706 ,84.384706 ,70.319706 ,72.389706 ,
2020/03/11 07:10:03.725,73.433431 ,68.984706 ,76.015706 ,84.784706 ,70.587706 ,71.885706 ,
2020/03/11 07:20:03.748,73.322433 ,67.284706 ,76.017206 ,85.984706 ,69.838206 ,71.508206 ,
2020/03/11 07:30:03.772,74.759508 ,68.484706 ,77.652206 ,86.884706 ,71.096206 ,73.033206 ,
2020/03/11 07:40:03.795,74.478501 ,67.884706 ,77.884706 ,85.984706 ,70.828706 ,72.700706 ,
2020/03/11 07:50:03.819,74.429809 ,68.484706 ,77.340706 ,85.684706 ,70.676706 ,72.852706 ,
2020/03/11 08:00:03.843,73.786738 ,68.084706 ,76.447206 ,84.184706 ,70.572206 ,72.322206 ,
2020/03/11 08:10:03.866,74.237846 ,69.284706 ,76.837206 ,86.084706 ,71.302206 ,72.652206 ,
2020/03/11 08:20:03.890,80.106865 ,69.184706 ,79.050206 ,98.384706 ,70.959206 ,73.047206 ,
2020/03/11 08:30:03.913,74.607401 ,67.984706 ,77.321206 ,85.684706 ,71.029206 ,73.317206 ,
2020/03/11 08:40:03.937,73.478352 ,67.084706 ,76.967206 ,89.084706 ,69.355206 ,71.258206 ,
2020/03/11 08:50:03.961,72.548297 ,67.184706 ,74.215706 ,91.484706 ,69.379706 ,71.425706 ,
2020/03/11 09:00:03.984,73.500070 ,68.384706 ,75.781206 ,88.084706 ,70.732206 ,72.262206 ,
2020/03/11 09:10:04.008,73.823590 ,68.284706 ,76.405706 ,86.184706 ,70.471706 ,72.127706 ,
2020/03/11 09:20:04.031,73.281406 ,67.684706 ,74.156706 ,89.484706 ,70.636706 ,71.868706 ,
2020/03/11 09:30:04.055,73.519000 ,68.584706 ,75.805206 ,85.284706 ,70.800206 ,72.230206 ,
2020/03/11 09:40:04.079,73.572632 ,68.684706 ,76.187706 ,84.984706 ,70.649706 ,72.069706 ,
2020/03/11 09:50:04.102,73.322538 ,67.684706 ,75.394706 ,87.084706 ,70.214706 ,72.174706 ,
2020/03/11 10:00:04.126,73.707016 ,67.984706 ,76.911706 ,82.584706 ,70.233706 ,72.123706 ,
2020/03/11 10:10:04.149,74.067946 ,66.884706 ,77.178706 ,85.984706 ,69.634706 ,71.930706 ,
2020/03/11 10:20:04.173,73.393694 ,67.384706 ,76.353706 ,83.184706 ,70.131706 ,71.839706 ,
2020/03/11 10:30:04.197,71.904090 ,66.884706 ,73.209206 ,81.584706 ,69.653206 ,71.431206 ,
2020/03/11 10:40:04.220,73.382834 ,69.384706 ,74.788206 ,82.584706 ,71.521206 ,72.709206 ,
2020/03/11 10:50:04.244,73.876686 ,69.784706 ,76.203206 ,83.084706 ,71.575206 ,72.999206 ,
2020/03/11 11:00:04.267,74.584513 ,69.584706 ,77.026206 ,86.284706 ,71.605206 ,73.134206 ,
2020/03/11 11:10:04.291,74.110397 ,68.484706 ,76.604706 ,83.884706 ,71.324706 ,72.884706 ,
2020/03/11 11:20:04.315,73.720779 ,67.984706 ,76.155206 ,84.884706 ,70.653206 ,72.487206 ,
2020/03/11 11:30:04.338,73.673816 ,67.984706 ,75.791206 ,91.284706 ,70.107206 ,71.934206 ,
2020/03/11 11:40:04.362,74.262948 ,67.484706 ,74.874706 ,93.384706 ,69.594706 ,71.354706 ,
2020/03/11 11:50:04.385,72.590252 ,67.184706 ,74.244706 ,88.284706 ,69.764706 ,71.364706 ,
2020/03/11 12:00:04.409,74.019582 ,67.884706 ,75.888206 ,93.284706 ,70.204206 ,71.828206 ,
2020/03/11 12:10:04.432,73.145519 ,68.884706 ,74.838206 ,85.084706 ,70.452206 ,72.000206 ,
2020/03/11 12:20:04.456,72.693742 ,68.284706 ,75.176706 ,81.584706 ,70.288706 ,71.536706 ,
2020/03/11 12:30:04.480,72.597759 ,66.484706 ,74.900706 ,84.984706 ,69.428706 ,71.444706 ,
2020/03/11 12:40:04.503,71.276332 ,66.984706 ,72.982206 ,79.784706 ,68.992206 ,70.777206 ,
2020/03/11 12:50:04.527,71.732443 ,66.884706 ,73.328706 ,83.084706 ,69.248706 ,71.016706 ,
2020/03/11 13:00:04.550,73.044802 ,66.984706 ,76.454706 ,85.984706 ,68.810706 ,70.994706 ,
2020/03/11 13:10:04.574,73.311537 ,66.784706 ,75.760206 ,89.584706 ,69.653206 ,71.623206 ,
2020/03/11 13:20:04.598,76.425758 ,67.084706 ,74.287206 ,100.284706 ,69.663206 ,71.397206 ,
2020/03/11 13:30:04.621,72.060934 ,68.684706 ,73.156706 ,76.784706 ,70.788706 ,71.876706 ,
2020/03/11 13:40:04.645,72.603977 ,69.284706 ,73.245206 ,87.084706 ,70.957206 ,71.815206 ,
2020/03/11 13:50:04.668,71.193440 ,65.884706 ,72.743706 ,82.284706 ,69.089706 ,70.853706 ,
2020/03/11 14:00:04.692,72.905147 ,66.384706 ,73.561706 ,93.184706 ,69.029706 ,70.471706 ,
2020/03/11 14:10:04.716,70.793189 ,66.884706 ,72.162706 ,83.884706 ,68.938706 ,70.302706 ,
2020/03/11 14:20:04.739,73.707805 ,67.484706 ,72.879206 ,93.384706 ,69.902206 ,71.047206 ,
2020/03/11 14:30:04.763,71.059827 ,65.784706 ,72.503206 ,83.984706 ,68.380206 ,70.641206 ,
2020/03/11 14:40:04.786,71.505080 ,67.984706 ,72.673706 ,79.484706 ,70.041706 ,71.169706 ,
2020/03/11 14:50:04.810,71.536996 ,68.184706 ,72.837706 ,83.284706 ,69.769706 ,70.949706 ,
2020/03/11 15:00:04.834,71.548900 ,67.684706 ,72.427706 ,84.184706 ,69.743706 ,70.963706 ,
2020/03/11 15:10:04.857,71.370585 ,67.584706 ,72.455206 ,77.984706 ,70.119206 ,71.214206 ,
2020/03/11 15:20:04.881,71.382728 ,67.484706 ,72.671206 ,80.984706 ,69.787206 ,71.126206 ,
2020/03/11 15:30:04.904,69.938181 ,66.784706 ,71.092206 ,75.984706 ,68.557206 ,69.662206 ,
2020/03/11 15:40:04.928,71.940974 ,68.084706 ,71.157706 ,90.584706 ,69.573706 ,70.167706 ,
2020/03/11 15:50:04.952,70.030300 ,66.984706 ,70.884706 ,81.384706 ,68.724706 ,69.804706 ,
2020/03/11 16:00:04.975,70.843849 ,67.084706 ,71.447706 ,82.884706 ,69.033706 ,70.027706 ,
2020/03/11 16:10:04.999,71.048452 ,67.984706 ,72.374206 ,76.984706 ,69.688206 ,70.715206 ,
2020/03/11 16:20:05.022,70.701091 ,67.084706 ,72.881206 ,80.284706 ,68.822206 ,70.010206 ,
2020/03/11 16:30:05.046,69.290635 ,65.384706 ,70.823206 ,75.284706 ,67.254206 ,68.997206 ,
2020/03/11 16:40:05.070,68.935182 ,65.284706 ,70.706706 ,77.284706 ,67.034706 ,68.330706 ,
2020/03/11 16:50:05.093,69.296529 ,65.784706 ,69.997206 ,82.584706 ,67.837206 ,68.782206 ,
2020/03/11 17:00:05.117,72.248644 ,64.984706 ,70.299706 ,94.284706 ,66.945706 ,68.235706 ,
2020/03/11 17:10:05.140,73.047754 ,64.084706 ,69.771206 ,91.984706 ,65.976206 ,67.747206 ,
2020/03/11 17:20:05.164,68.846538 ,65.584706 ,69.363206 ,85.884706 ,67.570206 ,68.548206 ,
2020/03/11 17:30:05.188,70.074916 ,66.684706 ,70.618206 ,80.584706 ,68.245206 ,69.262206 ,
2020/03/11 17:40:05.211,69.719305 ,66.784706 ,70.897206 ,77.784706 ,68.262206 ,69.367206 ,
2020/03/11 17:50:05.235,69.082774 ,66.984706 ,69.889706 ,77.384706 ,68.209706 ,68.909706 ,
2020/03/11 18:00:05.258,67.868282 ,63.884706 ,69.501706 ,74.584706 ,65.805706 ,67.653706 ,
2020/03/11 18:10:05.282,67.249557 ,63.184706 ,68.284706 ,85.184706 ,64.884706 ,66.484706 ,
2020/03/11 18:20:05.306,69.366421 ,64.284706 ,68.727206 ,89.884706 ,66.377206 ,67.317206 ,
2020/03/11 18:30:05.329,69.283254 ,65.184706 ,70.830706 ,78.784706 ,67.118706 ,68.510706 ,
2020/03/11 18:40:05.353,67.106330 ,63.084706 ,68.834706 ,76.984706 ,64.934706 ,66.534706 ,
2020/03/11 18:50:05.376,65.791854 ,62.984706 ,66.960706 ,74.284706 ,64.408706 ,65.376706 ,
2020/03/11 19:00:05.400,66.735733 ,63.084706 ,67.184706 ,80.784706 ,64.624706 ,65.744706 ,
2020/03/11 19:10:05.424,65.906338 ,63.184706 ,66.629206 ,78.884706 ,64.538206 ,65.276206 ,
2020/03/11 19:20:05.447,66.083458 ,63.284706 ,67.066206 ,73.984706 ,64.609206 ,65.869206 ,
2020/03/11 19:30:05.471,67.452004 ,63.584706 ,68.647206 ,79.884706 ,65.147206 ,66.647206 ,
2020/03/11 19:40:05.494,65.257211 ,61.184706 ,66.671206 ,77.584706 ,63.272206 ,65.126206 ,
2020/03/11 19:50:05.518,70.690728 ,61.184706 ,67.323706 ,94.084706 ,63.207706 ,64.677706 ,
2020/03/11 20:00:05.542,64.800182 ,61.984706 ,66.103706 ,73.584706 ,63.247706 ,64.165706 ,
2020/03/11 20:10:05.565,64.764886 ,61.484706 ,66.004206 ,77.084706 ,62.962206 ,64.132206 ,
2020/03/11 20:20:05.589,66.868197 ,62.884706 ,68.112206 ,77.984706 ,65.122206 ,66.157206 ,
2020/03/11 20:30:05.612,68.045849 ,65.084706 ,69.177706 ,75.084706 ,66.603706 ,67.695706 ,
2020/03/11 20:40:05.636,67.293316 ,65.184706 ,68.192206 ,71.584706 ,66.392206 ,67.202206 ,
2020/03/11 20:50:05.660,66.438918 ,62.284706 ,68.209206 ,71.584706 ,64.078206 ,66.265206 ,
2020/03/11 21:00:05.683,67.571231 ,65.484706 ,68.169206 ,75.984706 ,66.711206 ,67.359206 ,
2020/03/11 21:10:05.707,67.484410 ,64.584706 ,68.370706 ,79.884706 ,66.102706 ,67.182706 ,
2020/03/11 21:20:05.730,68.143528 ,64.884706 ,69.152206 ,84.184706 ,66.823206 ,67.782206 ,
2020/03/11 21:30:05.754,68.527692 ,66.484706 ,69.279206 ,77.384706 ,67.585206 ,68.278206 ,
2020/03/11 21:40:05.778,67.587985 ,65.284706 ,68.665706 ,72.984706 ,66.397706 ,67.369706 ,
2020/03/11 21:50:05.801,68.265049 ,65.284706 ,69.117206 ,78.784706 ,66.992206 ,68.012206 ,
2020/03/11 22:00:05.825,68.067099 ,65.284706 ,69.191206 ,80.184706 ,66.892206 ,67.739206 ,
2020/03/11 22:10:05.848,68.503408 ,65.784706 ,69.510706 ,75.484706 ,67.382706 ,68.218706 ,
2020/03/11 22:20:05.872,68.670025 ,65.884706 ,69.608706 ,78.884706 ,67.400706 ,68.360706 ,
2020/03/11 22:30:05.896,68.584323 ,64.984706 ,69.848706 ,80.184706 ,66.488706 ,68.408706 ,
2020/03/11 22:40:05.919,74.975523 ,62.784706 ,69.397206 ,102.684706 ,65.137206 ,66.912206 ,
2020/03/11 22:50:05.943,67.785246 ,63.684706 ,69.994706 ,81.684706 ,64.954706 ,66.774706 ,
2020/03/11 23:00:05.966,67.209718 ,64.684706 ,68.199706 ,75.284706 ,65.949706 ,66.849706 ,
2020/03/11 23:10:05.990,68.562169 ,65.184706 ,69.534706 ,81.184706 ,66.454706 ,67.714706 ,
2020/03/11 23:20:06.014,68.506712 ,63.684706 ,69.456206 ,81.384706 ,65.753206 ,67.041206 ,
2020/03/11 23:30:06.037,67.326536 ,63.184706 ,68.454706 ,83.684706 ,64.854706 ,66.114706 ,
2020/03/11 23:40:06.061,65.979923 ,62.084706 ,67.107206 ,73.884706 ,64.257206 ,65.492206 ,
2020/03/11 23:50:06.084,62.422825 ,57.084706 ,65.109706 ,71.284706 ,58.729706 ,61.369706 ,
2020/03/12 00:00:06.108,63.191429 ,56.684706 ,66.167206 ,77.084706 ,58.500206 ,60.744206 ,
2020/03/12 00:10:06.131,63.554226 ,56.484706 ,64.627206 ,82.984706 ,58.673206 ,60.963206 ,
2020/03/12 00:20:06.155,62.893168 ,56.184706 ,64.940206 ,82.184706 ,57.625206 ,60.342206 ,
2020/03/12 00:30:06.179,62.300247 ,56.184706 ,64.584706 ,79.184706 ,57.384706 ,59.384706 ,
2020/03/12 00:40:06.202,61.084453 ,57.684706 ,63.172206 ,72.584706 ,59.077206 ,60.232206 ,
2020/03/12 00:50:06.226,62.696894 ,58.184706 ,64.794206 ,73.984706 ,59.915206 ,61.581206 ,
2020/03/12 01:00:06.249,64.776735 ,59.184706 ,67.647206 ,73.084706 ,60.772206 ,63.147206 ,
2020/03/12 01:10:06.273,61.778155 ,57.584706 ,64.221706 ,76.884706 ,58.831706 ,59.909706 ,
2020/03/12 01:20:06.297,60.512153 ,57.084706 ,62.323206 ,72.484706 ,58.462206 ,59.515206 ,
2020/03/12 01:30:06.320,59.846401 ,56.884706 ,60.939706 ,73.684706 ,58.255706 ,59.231706 ,
2020/03/12 01:40:06.344,61.748191 ,56.984706 ,63.937206 ,75.884706 ,58.327206 ,59.977206 ,
2020/03/12 01:50:06.367,62.083807 ,57.184706 ,63.859706 ,78.984706 ,58.837706 ,60.133706 ,
2020/03/12 02:00:06.391,62.417676 ,56.784706 ,65.452706 ,79.384706 ,58.156706 ,59.500706 ,
2020/03/12 02:10:06.415,63.523389 ,57.484706 ,66.642206 ,80.584706 ,58.881206 ,60.672206 ,
2020/03/12 02:20:06.438,61.663421 ,57.384706 ,63.208206 ,76.084706 ,58.476206 ,59.490206 ,
2020/03/12 02:30:06.462,63.099868 ,56.284706 ,66.621206 ,79.484706 ,58.026206 ,59.745206 ,
2020/03/12 02:40:06.485,61.351039 ,56.284706 ,63.505206 ,73.684706 ,57.548206 ,60.446206 ,
2020/03/12 02:50:06.509,62.686594 ,57.184706 ,65.736206 ,77.784706 ,58.383206 ,59.409206 ,
2020/03/12 03:00:06.533,62.050834 ,56.884706 ,64.847206 ,77.384706 ,58.372206 ,59.597206 ,
2020/03/12 03:10:06.556,63.620822 ,57.384706 ,66.125706 ,72.184706 ,59.023706 ,62.239706 ,
2020/03/12 03:20:06.580,67.336530 ,62.284706 ,69.290206 ,74.984706 ,65.048206 ,66.664206 ,
2020/03/12 03:30:06.603,66.877966 ,61.484706 ,68.481206 ,75.884706 ,64.545206 ,66.144206 ,
2020/03/12 03:40:06.627,67.191215 ,62.484706 ,68.790206 ,78.984706 ,64.598206 ,66.432206 ,
2020/03/12 03:50:06.651,67.001456 ,56.984706 ,70.461206 ,85.884706 ,58.317206 ,61.859206 ,
2020/03/12 04:00:06.674,63.282964 ,56.884706 ,65.717206 ,78.784706 ,58.157206 ,59.102206 ,
2020/03/12 04:10:06.698,63.403123 ,57.584706 ,66.814706 ,77.284706 ,58.714706 ,59.974706 ,
2020/03/12 04:20:06.721,61.124813 ,56.884706 ,63.045206 ,76.084706 ,58.155206 ,59.133206 ,
2020/03/12 04:30:06.745,62.326824 ,57.484706 ,63.955206 ,80.684706 ,58.781206 ,59.975206 ,
2020/03/12 04:40:06.769,63.977998 ,57.084706 ,66.558206 ,81.984706 ,58.825206 ,60.079206 ,
2020/03/12 04:50:06.792,62.925990 ,57.684706 ,65.716206 ,77.784706 ,59.036206 ,61.207206 ,
2020/03/12 05:00:06.816,63.430146 ,57.684706 ,65.950206 ,78.384706 ,59.902206 ,61.603206 ,
2020/03/12 05:10:06.839,67.016619 ,62.284706 ,68.866206 ,82.984706 ,64.108206 ,65.206206 ,
2020/03/12 05:20:06.863,64.917426 ,59.084706 ,67.511206 ,77.984706 ,60.779206 ,63.227206 ,
2020/03/12 05:30:06.887,67.215822 ,61.384706 ,68.676206 ,82.784706 ,63.485206 ,66.170206 ,
2020/03/12 05:40:06.910,66.590041 ,61.984706 ,68.634206 ,76.384706 ,63.639206 ,65.970206 ,
2020/03/12 05:50:06.934,67.685418 ,61.584706 ,70.015706 ,79.284706 ,64.009706 ,66.781706 ,
2020/03/12 06:00:06.957,67.864425 ,61.584706 ,70.004706 ,83.784706 ,63.748706 ,65.772706 ,
2020/03/12 06:10:06.981,65.564551 ,60.984706 ,67.938706 ,75.384706 ,62.370706 ,64.574706 ,
2020/03/12 06:20:07.005,67.228747 ,63.284706 ,69.072206 ,83.584706 ,64.983206 ,66.252206 ,
2020/03/12 06:30:07.028,67.433530 ,62.084706 ,68.948706 ,84.084706 ,64.164706 ,66.004706 ,
2020/03/12 06:40:07.052,67.682631 ,62.184706 ,70.458206 ,81.284706 ,64.200206 ,65.690206 ,
2020/03/12 06:50:07.075,67.788192 ,62.984706 ,69.132706 ,80.884706 ,65.028706 ,66.852706 ,
2020/03/12 07:00:07.099,70.027729 ,64.984706 ,72.589706 ,78.384706 ,66.905706 ,69.061706 ,
2020/03/12 07:10:07.123,72.031392 ,68.184706 ,73.343706 ,81.684706 ,70.207706 ,71.775706 ,
2020/03/12 07:20:07.146,70.905409 ,66.484706 ,72.247206 ,83.584706 ,68.243206 ,70.245206 ,
2020/03/12 07:30:07.170,69.373820 ,66.884706 ,70.407206 ,76.184706 ,68.262206 ,69.172206 ,
2020/03/12 07:40:07.193,69.688730 ,66.984706 ,70.745206 ,82.884706 ,68.423206 ,69.326206 ,
2020/03/12 07:50:07.217,69.852130 ,63.884706 ,71.593706 ,83.984706 ,66.431706 ,68.745706 ,
2020/03/12 08:00:07.241,68.803079 ,66.184706 ,69.974206 ,73.884706 ,67.679206 ,68.495206 ,
2020/03/12 08:10:07.264,69.208971 ,66.484706 ,70.199706 ,80.284706 ,67.955706 ,69.077706 ,
2020/03/12 08:20:07.288,69.934685 ,65.884706 ,71.015206 ,87.584706 ,67.991206 ,69.314206 ,
2020/03/12 08:30:07.311,69.387920 ,66.084706 ,70.497706 ,77.984706 ,68.119706 ,69.185706 ,
2020/03/12 08:40:07.335,68.607767 ,65.884706 ,69.877206 ,74.884706 ,67.281206 ,68.461206 ,
2020/03/12 08:50:07.359,69.135523 ,65.684706 ,70.267206 ,83.284706 ,67.432206 ,68.917206 ,
2020/03/12 09:00:07.382,69.414757 ,65.484706 ,70.699706 ,77.784706 ,67.775706 ,69.323706 ,
2020/03/12 09:10:07.406,68.803289 ,64.784706 ,69.949206 ,86.584706 ,66.906206 ,68.159206 ,
2020/03/12 09:20:07.429,68.700420 ,65.184706 ,69.358206 ,88.684706 ,66.936206 ,68.147206 ,
2020/03/12 09:30:07.453,69.196463 ,66.084706 ,70.096706 ,77.984706 ,67.792706 ,68.848706 ,
2020/03/12 09:40:07.477,69.661870 ,66.884706 ,70.637206 ,88.884706 ,68.253206 ,69.147206 ,
2020/03/12 09:50:07.500,69.473923 ,66.384706 ,70.567206 ,75.584706 ,68.257206 ,69.302206 ,
2020/03/12 10:00:07.524,69.924397 ,66.484706 ,70.821206 ,84.684706 ,68.118206 ,69.072206 ,
2020/03/12 10:10:07.547,70.004135 ,66.884706 ,71.322206 ,82.784706 ,68.322206 ,69.447206 ,
2020/03/12 10:20:07.571,69.622525 ,66.384706 ,70.527206 ,83.284706 ,67.917206 ,69.222206 ,
2020/03/12 10:30:07.595,69.947144 ,66.984706 ,71.124706 ,79.484706 ,68.484706 ,69.764706 ,
2020/03/12 10:40:07.618,69.697797 ,65.884706 ,70.862706 ,79.684706 ,68.194706 ,69.298706 ,
2020/03/12 10:50:07.642,69.458921 ,65.984706 ,70.769706 ,76.084706 ,67.845706 ,68.877706 ,
2020/03/12 11:00:07.665,68.699209 ,63.584706 ,70.703706 ,84.884706 ,65.897706 ,67.321706 ,
2020/03/12 11:10:07.689,67.226706 ,63.784706 ,68.337706 ,77.684706 ,65.741706 ,66.803706 ,
2020/03/12 11:20:07.713,68.708377 ,64.284706 ,69.980206 ,76.684706 ,66.504206 ,68.716206 ,
2020/03/12 11:30:07.736,69.928794 ,66.484706 ,71.290206 ,80.284706 ,68.238206 ,69.328206 ,
2020/03/12 11:40:07.760,69.401513 ,66.084706 ,70.474706 ,76.584706 ,68.122706 ,69.046706 ,
2020/03/12 11:50:07.783,69.103901 ,64.884706 ,70.513206 ,81.384706 ,67.462206 ,68.705206 ,
2020/03/12 12:00:07.807,68.478220 ,65.284706 ,69.722206 ,77.084706 ,66.947206 ,68.072206 ,
2020/03/12 12:10:07.830,68.546662 ,65.384706 ,69.902706 ,75.984706 ,67.014706 ,68.154706 ,
2020/03/12 12:20:07.854,68.970020 ,64.884706 ,70.486206 ,86.484706 ,66.548206 ,68.159206 ,
2020/03/12 12:30:07.878,69.742616 ,67.184706 ,70.574706 ,78.684706 ,68.642706 ,69.470706 ,
2020/03/12 12:40:07.901,69.475573 ,67.084706 ,70.295206 ,73.184706 ,68.579206 ,69.398206 ,
2020/03/12 12:50:07.925,70.092375 ,67.384706 ,70.877206 ,78.984706 ,68.882206 ,69.832206 ,
2020/03/12 13:00:07.948,71.187490 ,67.684706 ,72.118706 ,84.584706 ,69.154706 ,69.778706 ,
2020/03/12 13:10:07.972,70.365110 ,68.084706 ,70.871206 ,82.684706 ,69.095206 ,69.872206 ,
2020/03/12 13:20:07.996,70.481962 ,67.684706 ,71.557206 ,79.084706 ,69.087206 ,70.322206 ,
2020/03/12 13:30:08.019,70.661995 ,67.284706 ,71.813206 ,81.384706 ,69.000206 ,70.261206 ,
2020/03/12 13:40:08.043,69.859642 ,67.784706 ,70.675706 ,77.984706 ,68.993706 ,69.689706 ,
2020/03/12 13:50:08.066,69.410232 ,66.484706 ,70.059706 ,85.584706 ,68.109706 ,69.009706 ,
2020/03/12 14:00:08.090,68.379723 ,65.784706 ,69.185706 ,75.484706 ,67.409706 ,68.149706 ,
2020/03/12 14:10:08.114,68.198689 ,65.884706 ,69.314206 ,77.384706 ,66.990206 ,67.903206 ,
2020/03/12 14:20:08.137,69.862665 ,65.984706 ,70.915706 ,80.284706 ,67.865706 ,69.451706 ,
2020/03/12 14:30:08.161,70.078068 ,68.084706 ,70.763706 ,77.484706 ,69.305706 ,69.899706 ,
2020/03/12 14:40:08.184,70.041614 ,67.084706 ,70.759706 ,85.584706 ,68.959706 ,69.709706 ,
2020/03/12 14:50:08.208,70.093018 ,67.484706 ,71.177706 ,77.084706 ,68.809706 ,69.919706 ,
2020/03/12 15:00:08.232,69.295321 ,66.384706 ,70.435206 ,79.484706 ,67.860206 ,68.993206 ,
2020/03/12 15:10:08.255,69.344176 ,65.984706 ,70.521206 ,80.484706 ,67.713206 ,68.883206 ,
2020/03/12 15:20:08.279,70.308956 ,66.784706 ,71.346206 ,84.284706 ,68.844206 ,69.956206 ,
2020/03/12 15:30:08.302,68.642513 ,64.684706 ,70.244706 ,81.484706 ,66.764706 ,67.964706 ,
2020/03/12 15:40:08.326,67.211671 ,63.784706 ,68.382206 ,76.784706 ,65.577206 ,66.767206 ,
2020/03/12 15:50:08.350,67.725235 ,63.984706 ,68.579706 ,80.884706 ,65.957706 ,67.061706 ,
2020/03/12 16:00:08.373,71.488386 ,66.484706 ,72.752206 ,78.784706 ,68.417206 ,71.902206 ,
2020/03/12 16:10:08.397,72.923533 ,70.384706 ,74.621706 ,80.284706 ,71.587706 ,72.475706 ,
2020/03/12 16:20:08.420,72.636439 ,70.484706 ,73.139206 ,88.484706 ,71.610206 ,72.444206 ,
2020/03/12 16:30:08.444,70.782889 ,65.884706 ,73.127206 ,84.884706 ,67.653206 ,68.619206 ,
2020/03/12 16:40:08.468,69.014264 ,66.684706 ,70.117206 ,77.284706 ,67.907206 ,68.672206 ,
2020/03/12 16:50:08.491,70.554489 ,67.484706 ,71.614706 ,84.984706 ,68.842706 ,70.294706 ,
2020/03/12 17:00:08.515,70.260255 ,67.384706 ,71.395206 ,82.284706 ,68.777206 ,69.848206 ,
2020/03/12 17:10:08.538,68.898782 ,64.184706 ,70.718706 ,77.084706 ,66.670706 ,68.602706 ,
2020/03/12 17:20:08.562,69.359830 ,66.684706 ,70.264206 ,79.684706 ,68.042206 ,69.052206 ,
2020/03/12 17:30:08.586,70.107903 ,67.884706 ,70.908206 ,82.984706 ,68.928206 ,69.720206 ,
2020/03/12 17:40:08.609,68.172983 ,65.184706 ,69.111706 ,80.284706 ,66.633706 ,67.813706 ,
2020/03/12 17:50:08.633,67.475255 ,63.584706 ,68.444706 ,80.184706 ,66.404706 ,67.244706 ,
2020/03/12 18:00:08.656,66.209867 ,62.984706 ,67.603206 ,73.084706 ,64.810206 ,66.007206 ,
2020/03/12 18:10:08.680,67.200749 ,63.684706 ,68.704706 ,72.884706 ,65.584706 ,66.784706 ,
2020/03/12 18:20:08.704,67.805864 ,64.484706 ,68.507206 ,86.384706 ,65.917206 ,67.027206 ,
2020/03/12 18:30:08.727,71.532568 ,64.984706 ,72.600206 ,79.684706 ,70.353206 ,71.423206 ,
2020/03/12 18:40:08.751,69.568349 ,63.784706 ,72.310206 ,78.884706 ,65.655206 ,68.438206 ,
2020/03/12 18:50:08.774,66.573789 ,62.984706 ,67.356706 ,82.484706 ,64.620706 ,65.836706 ,
2020/03/12 19:00:08.798,67.378128 ,64.084706 ,68.272206 ,74.084706 ,66.097206 ,67.072206 ,
2020/03/12 19:10:08.822,67.288100 ,64.884706 ,67.964206 ,74.684706 ,66.224206 ,66.920206 ,
2020/03/12 19:20:08.845,67.593340 ,63.484706 ,68.037206 ,83.984706 ,65.319206 ,66.527206 ,
2020/03/12 19:30:08.869,66.533911 ,62.784706 ,67.474206 ,79.184706 ,64.828206 ,65.857206 ,
2020/03/12 19:40:08.892,66.061448 ,62.984706 ,67.379206 ,72.184706 ,64.605206 ,65.773206 ,
2020/03/12 19:50:08.916,67.070509 ,62.584706 ,68.429206 ,83.084706 ,64.535206 ,65.597206 ,
2020/03/12 20:00:08.940,68.178591 ,65.484706 ,69.209706 ,75.284706 ,67.109706 ,68.019706 ,
2020/03/12 20:10:08.963,68.478879 ,65.084706 ,69.453706 ,84.684706 ,66.533706 ,67.993706 ,
2020/03/12 20:20:08.987,68.191842 ,65.384706 ,68.937706 ,82.884706 ,66.665706 ,67.517706 ,
2020/03/12 20:30:09.010,67.901057 ,64.884706 ,69.004706 ,73.584706 ,66.700706 ,67.708706 ,
2020/03/12 20:40:09.034,67.687881 ,65.384706 ,68.410206 ,77.084706 ,66.672206 ,67.383206 ,
2020/03/12 20:50:09.058,68.305994 ,65.184706 ,69.137206 ,83.684706 ,66.455206 ,67.647206 ,
2020/03/12 21:00:09.081,67.521082 ,63.984706 ,69.292206 ,76.884706 ,65.682206 ,66.917206 ,
2020/03/12 21:10:09.105,69.591006 ,63.784706 ,71.237706 ,83.084706 ,66.309706 ,68.311706 ,
2020/03/12 21:20:09.128,69.043296 ,64.684706 ,70.529706 ,76.884706 ,67.001706 ,68.765706 ,
2020/03/12 21:30:09.152,68.703033 ,64.984706 ,69.893206 ,74.084706 ,66.982206 ,68.473206 ,
2020/03/12 21:40:09.176,68.830415 ,65.484706 ,69.590206 ,80.784706 ,67.130206 ,68.237206 ,
2020/03/12 21:50:09.199,66.870138 ,62.884706 ,68.688206 ,75.684706 ,64.446206 ,66.163206 ,
2020/03/12 22:00:09.223,66.895004 ,63.084706 ,68.484206 ,77.984706 ,64.821206 ,66.405206 ,
2020/03/12 22:10:09.246,67.755812 ,63.584706 ,69.230706 ,76.884706 ,65.866706 ,67.258706 ,
2020/03/12 22:20:09.270,66.739669 ,62.984706 ,68.091206 ,75.484706 ,64.872206 ,66.537206 ,
2020/03/12 22:30:09.294,65.519192 ,62.084706 ,66.692206 ,83.384706 ,63.513206 ,64.448206 ,
2020/03/12 22:40:09.317,66.184510 ,61.584706 ,67.352706 ,82.484706 ,62.952706 ,65.064706 ,
2020/03/12 22:50:09.341,65.858630 ,62.784706 ,67.029706 ,80.084706 ,64.169706 ,65.079706 ,
2020/03/12 23:00:09.364,67.608542 ,64.084706 ,68.884706 ,78.184706 ,65.972706 ,67.204706 ,
2020/03/12 23:10:09.388,67.099910 ,63.784706 ,68.257706 ,74.784706 ,65.709706 ,66.689706 ,
2020/03/12 23:20:09.412,65.562648 ,61.984706 ,67.567206 ,76.784706 ,63.387206 ,64.812206 ,
2020/03/12 23:30:09.435,65.385617 ,61.384706 ,66.412206 ,79.884706 ,63.353206 ,64.158206 ,
2020/03/12 23:40:09.459,64.677148 ,60.584706 ,66.590206 ,76.684706 ,62.529206 ,63.839206 ,
2020/03/12 23:50:09.482,64.088640 ,59.084706 ,66.299206 ,78.984706 ,60.812206 ,62.228206 ,
2020/03/13 00:00:09.506,62.625152 ,58.584706 ,64.222206 ,75.084706 ,59.701206 ,61.619206 ,
2020/03/13 00:10:09.529,63.431034 ,58.584706 ,64.684706 ,82.384706 ,60.284706 ,61.484706 ,
2020/03/13 00:20:09.553,61.863763 ,58.384706 ,63.842206 ,73.384706 ,59.439206 ,60.510206 ,
2020/03/13 00:30:09.577,65.968949 ,59.984706 ,67.005206 ,82.584706 ,62.091206 ,65.493206 ,
2020/03/13 00:40:09.600,65.346343 ,59.384706 ,67.458206 ,77.584706 ,61.185206 ,63.939206 ,
2020/03/13 00:50:09.624,67.647836 ,59.884706 ,70.533206 ,82.984706 ,62.175206 ,66.553206 ,
2020/03/13 01:00:09.647,63.395460 ,58.884706 ,65.673206 ,73.284706 ,60.822206 ,62.505206 ,
2020/03/13 01:10:09.671,61.545357 ,58.884706 ,62.391706 ,75.384706 ,60.111706 ,60.795706 ,
2020/03/13 01:20:09.695,61.439208 ,58.384706 ,62.399706 ,72.884706 ,59.929706 ,60.579706 ,
2020/03/13 01:30:09.718,63.008413 ,58.884706 ,65.173706 ,74.084706 ,60.205706 ,61.171706 ,
2020/03/13 01:40:09.742,63.182478 ,58.884706 ,65.228706 ,73.884706 ,60.060706 ,61.148706 ,
2020/03/13 01:50:09.765,61.427112 ,58.084706 ,63.034706 ,70.484706 ,59.434706 ,60.934706 ,
2020/03/13 02:00:09.789,62.271090 ,58.284706 ,63.822206 ,74.484706 ,59.438206 ,60.534206 ,
2020/03/13 02:10:09.813,61.143400 ,57.884706 ,62.154706 ,73.684706 ,59.214706 ,59.914706 ,
2020/03/13 02:20:09.836,63.298882 ,58.484706 ,65.799706 ,73.984706 ,59.877706 ,62.145706 ,
2020/03/13 02:30:09.860,61.827634 ,58.584706 ,62.991706 ,76.684706 ,59.751706 ,60.723706 ,
2020/03/13 02:40:09.883,60.965215 ,58.684706 ,61.883706 ,69.884706 ,59.923706 ,60.609706 ,
2020/03/13 02:50:09.907,63.161761 ,59.184706 ,64.588206 ,70.684706 ,60.727206 ,62.905206 ,
2020/03/13 03:00:09.931,62.846957 ,59.184706 ,64.772206 ,74.284706 ,60.250206 ,61.048206 ,
2020/03/13 03:10:09.954,62.878865 ,58.984706 ,63.919206 ,80.084706 ,60.299206 ,61.928206 ,
2020/03/13 03:20:09.978,66.481250 ,61.384706 ,68.584706 ,74.984706 ,63.664706 ,65.704706 ,
2020/03/13 03:30:10.001,67.588744 ,57.784706 ,71.092706 ,77.484706 ,59.300706 ,65.460706 ,
2020/03/13 03:40:10.025,62.220455 ,58.584706 ,64.074206 ,72.884706 ,59.883206 ,61.280206 ,
2020/03/13 03:50:10.049,63.716079 ,60.784706 ,65.014206 ,67.984706 ,62.391206 ,63.489206 ,
2020/03/13 04:00:10.072,67.484997 ,61.384706 ,69.797206 ,76.284706 ,64.297206 ,66.672206 ,
2020/03/13 04:10:10.096,67.967561 ,59.384706 ,71.022206 ,76.084706 ,60.897206 ,67.647206 ,
2020/03/13 04:20:10.119,63.966002 ,59.084706 ,66.529706 ,74.984706 ,60.991706 ,62.411706 ,
2020/03/13 04:30:10.143,64.603574 ,59.784706 ,66.899206 ,79.284706 ,61.536206 ,62.920206 ,
2020/03/13 04:40:10.167,63.795099 ,59.784706 ,66.077206 ,72.984706 ,61.592206 ,62.742206 ,
2020/03/13 04:50:10.190,65.076729 ,59.884706 ,67.226206 ,76.184706 ,61.787206 ,63.551206 ,
2020/03/13 05:00:10.214,65.380739 ,60.784706 ,67.649706 ,75.884706 ,62.423706 ,64.031706 ,
2020/03/13 05:10:10.237,66.155369 ,61.084706 ,68.009706 ,78.584706 ,63.359706 ,64.409706 ,
2020/03/13 05:20:10.261,68.559241 ,62.184706 ,69.483206 ,85.384706 ,63.789206 ,65.760206 ,
2020/03/13 05:30:10.285,66.622284 ,62.684706 ,68.834706 ,76.384706 ,64.334706 ,65.734706 ,
2020/03/13 05:40:10.308,67.818610 ,63.584706 ,69.479206 ,77.584706 ,65.483206 ,67.259206 ,
2020/03/13 05:50:10.332,67.381772 ,63.184706 ,69.579706 ,74.784706 ,64.719706 ,66.699706 ,
2020/03/13 06:00:10.355,67.927151 ,62.884706 ,69.792706 ,80.084706 ,64.800706 ,66.976706 ,
2020/03/13 06:10:10.379,67.024161 ,62.584706 ,68.669206 ,80.784706 ,64.385206 ,66.221206 ,
2020/03/13 06:20:10.403,67.640371 ,63.384706 ,69.634706 ,81.484706 ,65.194706 ,66.822706 ,
2020/03/13 06:30:10.426,68.315254 ,63.684706 ,70.134706 ,82.884706 ,65.922706 ,67.482706 ,
2020/03/13 06:40:10.450,67.850869 ,64.184706 ,69.780206 ,78.484706 ,65.557206 ,67.102206 ,
2020/03/13 06:50:10.473,70.844280 ,64.084706 ,72.531706 ,78.684706 ,66.431706 ,71.067706 ,
2020/03/13 07:00:10.497,72.313602 ,69.484706 ,73.854706 ,79.384706 ,71.094706 ,71.994706 ,
2020/03/13 07:10:10.521,74.078747 ,71.784706 ,75.067706 ,80.884706 ,73.089706 ,73.963706 ,
2020/03/13 07:20:10.544,72.990423 ,69.684706 ,74.192206 ,86.884706 ,71.432206 ,72.352206 ,
2020/03/13 07:30:10.568,69.621060 ,65.084706 ,71.227206 ,82.384706 ,67.168206 ,68.890206 ,
2020/03/13 07:40:10.591,69.785408 ,66.584706 ,71.223206 ,80.384706 ,68.061206 ,69.270206 ,
2020/03/13 07:50:10.615,68.569759 ,65.884706 ,69.687206 ,74.284706 ,67.308206 ,68.406206 ,
2020/03/13 08:00:10.639,68.906616 ,65.284706 ,70.279206 ,77.584706 ,66.897206 ,68.677206 ,
2020/03/13 08:10:10.662,70.470368 ,67.484706 ,71.534706 ,81.284706 ,68.834706 ,69.934706 ,
2020/03/13 08:20:10.686,70.277676 ,67.584706 ,71.164206 ,83.684706 ,69.043206 ,70.053206 ,
2020/03/13 08:30:10.709,71.187658 ,67.084706 ,71.870206 ,91.384706 ,68.827206 ,70.259206 ,
2020/03/13 08:40:10.733,69.234598 ,65.884706 ,70.288206 ,86.384706 ,67.619206 ,68.875206 ,
2020/03/13 08:50:10.757,69.565620 ,65.684706 ,71.124706 ,80.984706 ,67.644706 ,69.204706 ,
2020/03/13 09:00:10.780,68.702706 ,64.984706 ,70.091206 ,78.784706 ,66.983206 ,68.204206 ,
2020/03/13 09:10:10.804,72.202091 ,64.684706 ,74.347706 ,77.684706 ,67.393706 ,72.181706 ,
2020/03/13 09:20:10.827,72.567686 ,68.284706 ,74.103206 ,78.184706 ,70.482206 ,72.399206 ,
2020/03/13 09:30:10.851,72.764096 ,68.384706 ,74.062206 ,80.284706 ,71.022206 ,72.447206 ,
2020/03/13 09:40:10.875,72.508712 ,68.384706 ,74.183206 ,81.284706 ,70.143206 ,72.062206 ,
2020/03/13 09:50:10.898,72.337601 ,68.184706 ,73.809706 ,85.184706 ,69.759706 ,71.259706 ,
2020/03/13 10:00:10.922,70.785133 ,67.684706 ,71.884706 ,77.884706 ,69.164706 ,70.364706 ,
2020/03/13 10:10:10.945,69.846334 ,64.884706 ,71.576206 ,78.484706 ,66.740206 ,69.809206 ,
2020/03/13 10:20:10.969,69.543493 ,63.984706 ,71.846706 ,83.984706 ,65.614706 ,67.582706 ,
2020/03/13 10:30:10.993,69.808280 ,64.484706 ,71.016706 ,80.584706 ,66.120706 ,70.008706 ,
2020/03/13 10:40:11.016,70.776667 ,65.984706 ,71.553206 ,78.384706 ,69.879206 ,70.623206 ,
2020/03/13 10:50:11.040,68.689721 ,64.484706 ,70.152706 ,83.484706 ,65.832706 ,67.992706 ,
2020/03/13 11:00:11.063,69.397342 ,66.284706 ,70.617706 ,76.484706 ,68.101706 ,69.285706 ,
2020/03/13 11:10:11.087,72.584936 ,67.084706 ,72.386706 ,93.084706 ,68.738706 ,69.878706 ,
2020/03/13 11:20:11.111,68.922960 ,66.484706 ,69.788206 ,78.484706 ,67.898206 ,68.654206 ,
2020/03/13 11:30:11.134,69.118107 ,66.684706 ,69.929706 ,80.384706 ,67.733706 ,68.831706 ,
2020/03/13 11:40:11.158,69.904050 ,66.984706 ,71.279706 ,74.584706 ,68.705706 ,69.497706 ,
2020/03/13 11:50:11.181,69.477797 ,66.184706 ,70.779706 ,79.784706 ,67.809706 ,69.069706 ,
2020/03/13 12:00:11.205,69.626839 ,67.484706 ,70.577206 ,77.484706 ,68.622206 ,69.302206 ,
2020/03/13 12:10:11.228,69.865614 ,66.384706 ,70.804706 ,82.884706 ,68.524706 ,69.724706 ,
2020/03/13 12:20:11.252,69.599184 ,66.384706 ,70.431206 ,80.784706 ,68.171206 ,69.075206 ,
2020/03/13 12:30:11.276,69.479972 ,66.484706 ,70.222706 ,82.184706 ,68.114706 ,69.106706 ,
2020/03/13 12:40:11.299,69.507262 ,67.184706 ,70.362206 ,77.984706 ,68.598206 ,69.291206 ,
2020/03/13 12:50:11.323,69.068556 ,66.284706 ,69.926206 ,79.384706 ,67.660206 ,68.690206 ,
2020/03/13 13:00:11.346,68.908646 ,66.084706 ,69.837206 ,77.184706 ,67.509206 ,68.382206 ,
2020/03/13 13:10:11.370,69.363366 ,66.884706 ,70.256706 ,75.484706 ,68.168706 ,69.104706 ,
2020/03/13 13:20:11.394,69.696417 ,66.784706 ,70.492206 ,82.984706 ,68.232206 ,68.910206 ,
2020/03/13 13:30:11.417,69.684325 ,66.584706 ,70.624706 ,79.584706 ,68.224706 ,69.184706 ,
2020/03/13 13:40:11.441,70.193747 ,66.484706 ,71.519706 ,78.784706 ,68.299706 ,70.189706 ,
2020/03/13 13:50:11.464,68.795786 ,63.884706 ,70.124706 ,82.784706 ,65.484706 ,68.204706 ,
2020/03/13 14:00:11.488,67.052276 ,63.884706 ,68.347206 ,79.384706 ,65.257206 ,66.596206 ,
2020/03/13 14:10:11.512,66.352769 ,63.284706 ,67.786706 ,75.484706 ,64.750706 ,65.854706 ,
2020/03/13 14:20:11.535,68.238213 ,64.084706 ,69.899206 ,74.984706 ,65.349206 ,68.170206 ,
2020/03/13 14:30:11.559,69.387489 ,65.984706 ,70.336206 ,80.584706 ,67.753206 ,68.983206 ,
2020/03/13 14:40:11.582,69.261325 ,66.484706 ,70.426706 ,78.684706 ,67.758706 ,68.862706 ,
2020/03/13 14:50:11.606,69.374437 ,66.984706 ,70.388206 ,81.284706 ,68.252206 ,69.053206 ,
2020/03/13 15:00:11.630,69.122826 ,66.684706 ,69.832706 ,80.884706 ,67.960706 ,68.792706 ,
2020/03/13 15:10:11.653,69.605721 ,66.584706 ,71.078706 ,84.184706 ,68.042706 ,68.834706 ,
2020/03/13 15:20:11.677,69.111352 ,66.284706 ,70.361206 ,77.784706 ,67.788206 ,68.701206 ,
2020/03/13 15:30:11.700,68.240607 ,64.784706 ,69.215206 ,82.484706 ,65.955206 ,67.422206 ,
2020/03/13 15:40:11.724,68.038507 ,64.984706 ,69.222206 ,77.284706 ,66.797206 ,67.573206 ,
2020/03/13 15:50:11.748,67.708507 ,65.384706 ,68.469706 ,78.584706 ,66.719706 ,67.559706 ,
2020/03/13 16:00:11.771,68.950654 ,65.984706 ,69.829206 ,78.984706 ,67.666206 ,68.696206 ,
2020/03/13 16:10:11.795,69.303712 ,66.884706 ,69.874706 ,75.184706 ,68.598706 ,69.170706 ,
2020/03/13 16:20:11.818,69.496194 ,66.484706 ,70.377206 ,81.584706 ,67.964206 ,68.980206 ,
2020/03/13 16:30:11.842,69.527324 ,66.684706 ,70.517706 ,79.984706 ,67.867706 ,69.033706 ,
2020/03/13 16:40:11.866,68.825997 ,65.884706 ,69.739706 ,79.684706 ,67.299706 ,68.153706 ,
2020/03/13 16:50:11.889,69.137144 ,66.484706 ,70.189706 ,73.384706 ,68.083706 ,68.893706 ,
2020/03/13 17:00:11.913,68.652821 ,65.684706 ,69.768206 ,74.184706 ,67.277206 ,68.602206 ,
2020/03/13 17:10:11.936,68.368444 ,65.584706 ,69.417706 ,77.784706 ,66.873706 ,68.251706 ,
2020/03/13 17:20:11.960,68.460712 ,65.184706 ,69.730206 ,78.384706 ,66.847206 ,67.963206 ,
2020/03/13 17:30:11.984,68.707683 ,65.584706 ,69.732706 ,81.284706 ,67.428706 ,68.324706 ,
2020/03/13 17:40:12.007,67.368012 ,63.884706 ,69.071706 ,77.584706 ,65.459706 ,67.007706 ,
2020/03/13 17:50:12.031,67.257090 ,64.184706 ,68.133206 ,83.984706 ,65.868206 ,66.925206 ,
2020/03/13 18:00:12.054,65.989500 ,63.384706 ,67.041206 ,77.184706 ,64.687206 ,65.543206 ,
2020/03/13 18:10:12.078,66.098738 ,63.284706 ,67.299206 ,73.884706 ,64.814206 ,65.808206 ,
2020/03/13 18:20:12.102,67.065647 ,63.684706 ,68.699206 ,77.984706 ,65.102206 ,66.410206 ,
2020/03/13 18:30:12.125,66.918129 ,63.684706 ,67.976706 ,79.084706 ,65.272706 ,66.416706 ,
2020/03/13 18:40:12.149,67.635891 ,64.184706 ,68.815706 ,85.884706 ,65.575706 ,66.709706 ,
2020/03/13 18:50:12.172,66.282931 ,63.084706 ,67.336706 ,75.784706 ,64.536706 ,65.768706 ,
2020/03/13 19:00:12.196,68.350391 ,64.184706 ,68.862206 ,81.284706 ,66.324206 ,67.593206 ,
2020/03/13 19:10:12.220,66.904157 ,64.184706 ,67.776706 ,78.684706 ,65.536706 ,66.432706 ,
2020/03/13 19:20:12.243,68.009651 ,64.584706 ,68.982706 ,84.584706 ,66.058706 ,67.090706 ,
2020/03/13 19:30:12.267,67.564188 ,62.184706 ,69.039206 ,83.084706 ,64.564206 ,66.354206 ,
2020/03/13 19:40:12.290,64.598604 ,60.484706 ,66.182206 ,74.384706 ,62.647206 ,63.960206 ,
2020/03/13 19:50:12.314,63.994117 ,60.484706 ,65.334706 ,72.184706 ,62.134706 ,63.434706 ,
2020/03/13 20:00:12.338,66.838046 ,61.484706 ,68.601206 ,76.384706 ,63.414206 ,66.473206 ,
2020/03/13 20:10:12.361,67.154529 ,63.784706 ,67.849706 ,80.084706 ,65.581706 ,66.841706 ,
2020/03/13 20:20:12.385,67.144188 ,64.384706 ,68.367206 ,75.784706 ,65.888206 ,66.759206 ,
2020/03/13 20:30:12.408,67.123422 ,63.884706 ,68.604206 ,73.784706 ,65.298206 ,66.777206 ,
2020/03/13 20:40:12.432,67.162507 ,64.384706 ,68.272706 ,73.784706 ,65.864706 ,66.872706 ,
2020/03/13 20:50:12.456,67.805156 ,64.884706 ,68.682706 ,86.784706 ,66.550706 ,67.370706 ,
2020/03/13 21:00:12.479,67.550280 ,64.684706 ,68.809206 ,76.484706 ,66.308206 ,67.162206 ,
2020/03/13 21:10:12.503,67.774069 ,64.884706 ,69.407706 ,72.984706 ,66.059706 ,67.463706 ,
2020/03/13 21:20:12.526,69.687670 ,64.384706 ,69.824206 ,92.384706 ,66.086206 ,67.688206 ,
2020/03/13 21:30:12.550,67.524241 ,63.784706 ,69.061706 ,73.084706 ,65.953706 ,67.211706 ,
2020/03/13 21:40:12.574,66.974682 ,63.184706 ,67.879706 ,74.284706 ,65.305706 ,67.099706 ,
2020/03/13 21:50:12.597,67.325237 ,64.884706 ,68.184706 ,71.084706 ,66.384706 ,67.304706 ,
2020/03/13 22:00:12.621,64.965250 ,60.684706 ,66.437706 ,85.984706 ,62.111706 ,63.553706 ,
2020/03/13 22:10:12.644,66.046057 ,61.284706 ,67.332206 ,80.684706 ,63.457206 ,65.162206 ,
2020/03/13 22:20:12.668,65.942639 ,63.484706 ,67.084206 ,73.584706 ,64.573206 ,65.545206 ,
2020/03/13 22:30:12.692,65.854350 ,60.384706 ,67.792706 ,81.784706 ,61.648706 ,63.952706 ,
2020/03/13 22:40:12.715,63.803539 ,59.984706 ,65.074206 ,74.584706 ,61.512206 ,63.156206 ,
2020/03/13 22:50:12.739,64.964475 ,60.484706 ,65.697206 ,77.384706 ,62.217206 ,63.522206 ,
2020/03/13 23:00:12.762,64.765218 ,61.884706 ,65.988206 ,75.584706 ,63.167206 ,64.259206 ,
2020/03/13 23:10:12.786,66.096703 ,62.684706 ,67.032206 ,78.084706 ,64.332206 ,65.277206 ,
2020/03/13 23:20:12.810,67.134142 ,62.584706 ,68.608206 ,80.984706 ,63.718206 ,65.185206 ,
2020/03/13 23:30:12.833,64.854835 ,59.784706 ,65.894706 ,85.484706 ,61.274706 ,63.474706 ,
2020/03/13 23:40:12.857,64.215940 ,58.984706 ,65.384706 ,77.884706 ,62.040706 ,63.560706 ,
2020/03/13 23:50:12.880,63.459115 ,58.284706 ,65.417206 ,80.984706 ,59.990206 ,62.000206 ,
2020/03/14 00:00:12.904,61.444236 ,57.684706 ,63.041206 ,78.584706 ,59.149206 ,60.539206 ,
2020/03/14 00:10:12.927,60.829059 ,56.984706 ,62.268206 ,69.784706 ,58.972206 ,60.414206 ,
2020/03/14 00:20:12.951,62.726973 ,56.984706 ,63.689706 ,81.884706 ,58.805706 ,60.137706 ,
2020/03/14 00:30:12.975,61.235417 ,57.284706 ,62.927206 ,71.584706 ,58.692206 ,59.902206 ,
2020/03/14 00:40:12.998,61.311287 ,57.284706 ,62.920706 ,72.384706 ,59.072706 ,60.944706 ,
2020/03/14 00:50:13.022,61.961322 ,57.984706 ,63.231706 ,69.384706 ,60.411706 ,61.539706 ,
2020/03/14 01:00:13.045,68.377454 ,58.084706 ,71.128206 ,81.684706 ,59.523206 ,62.266206 ,
2020/03/14 01:10:13.069,60.510316 ,57.184706 ,62.635706 ,72.184706 ,58.453706 ,59.677706 ,
2020/03/14 01:20:13.093,59.606666 ,56.484706 ,60.514706 ,72.584706 ,57.854706 ,58.974706 ,
2020/03/14 01:30:13.116,62.229112 ,56.884706 ,63.803706 ,78.984706 ,58.463706 ,59.531706 ,
2020/03/14 01:40:13.140,61.357821 ,56.884706 ,62.944706 ,75.884706 ,58.240706 ,59.752706 ,
2020/03/14 01:50:13.163,65.937629 ,57.684706 ,65.170206 ,90.684706 ,59.310206 ,61.068206 ,
2020/03/14 02:00:13.187,60.499460 ,56.284706 ,62.470206 ,72.584706 ,58.086206 ,59.319206 ,
2020/03/14 02:10:13.211,61.481348 ,56.484706 ,63.174706 ,72.484706 ,57.994706 ,59.326706 ,
2020/03/14 02:20:13.234,60.233456 ,55.684706 ,62.436206 ,71.884706 ,57.781206 ,58.712206 ,
2020/03/14 02:30:13.258,60.283049 ,55.484706 ,62.307206 ,72.584706 ,57.722206 ,59.032206 ,
2020/03/14 02:40:13.281,61.103914 ,56.484706 ,61.728206 ,82.784706 ,57.969206 ,59.043206 ,
2020/03/14 02:50:13.305,61.056114 ,56.584706 ,62.357206 ,80.784706 ,58.287206 ,59.397206 ,
2020/03/14 03:00:13.329,60.033754 ,56.184706 ,61.552206 ,77.484706 ,57.304206 ,58.366206 ,
2020/03/14 03:10:13.352,59.335516 ,56.484706 ,60.250706 ,68.384706 ,57.766706 ,58.870706 ,
2020/03/14 03:20:13.376,63.978673 ,56.184706 ,66.566706 ,76.584706 ,57.730706 ,59.234706 ,
2020/03/14 03:30:13.399,59.664268 ,56.384706 ,60.394706 ,72.384706 ,57.790706 ,58.534706 ,
2020/03/14 03:40:13.423,61.412687 ,56.684706 ,62.978706 ,73.484706 ,57.986706 ,59.234706 ,
2020/03/14 03:50:13.447,62.093520 ,56.884706 ,64.283206 ,78.384706 ,58.424206 ,59.747206 ,
2020/03/14 04:00:13.470,62.479671 ,56.584706 ,62.849706 ,80.084706 ,58.111706 ,59.141706 ,
2020/03/14 04:10:13.494,59.656048 ,56.384706 ,60.007206 ,74.484706 ,57.837206 ,58.767206 ,
2020/03/14 04:20:13.517,64.926974 ,56.784706 ,64.452206 ,84.684706 ,58.284206 ,59.312206 ,
2020/03/14 04:30:13.541,61.047030 ,57.184706 ,63.135206 ,73.684706 ,58.707206 ,59.568206 ,
2020/03/14 04:40:13.565,60.866800 ,57.084706 ,62.826206 ,71.184706 ,58.532206 ,59.436206 ,
2020/03/14 04:50:13.588,61.074008 ,57.084706 ,61.292206 ,78.784706 ,58.562206 ,59.537206 ,
2020/03/14 05:00:13.612,61.377145 ,57.584706 ,63.739706 ,75.084706 ,58.799706 ,59.839706 ,
2020/03/14 05:10:13.635,67.329684 ,57.584706 ,71.890706 ,84.184706 ,59.382706 ,61.506706 ,
2020/03/14 05:20:13.659,64.285486 ,58.484706 ,65.750706 ,81.384706 ,60.066706 ,61.438706 ,
2020/03/14 05:30:13.683,66.546972 ,59.284706 ,69.672706 ,81.984706 ,60.840706 ,62.568706 ,
2020/03/14 05:40:13.706,68.912696 ,59.484706 ,72.477206 ,86.384706 ,61.308206 ,64.812206 ,
2020/03/14 05:50:13.730,68.277707 ,59.484706 ,71.072706 ,84.484706 ,61.216706 ,64.128706 ,
2020/03/14 06:00:13.753,67.631523 ,59.384706 ,72.620206 ,81.184706 ,61.213206 ,63.270206 ,
2020/03/14 06:10:13.777,70.384247 ,60.284706 ,74.655706 ,82.984706 ,62.045706 ,66.119706 ,
2020/03/14 06:20:13.801,69.919266 ,61.384706 ,74.437706 ,87.284706 ,63.101706 ,64.409706 ,
2020/03/14 06:30:13.824,67.121388 ,61.684706 ,69.139706 ,81.984706 ,63.189706 ,64.549706 ,
2020/03/14 06:40:13.848,68.893559 ,60.784706 ,73.099706 ,84.084706 ,62.393706 ,64.211706 ,
2020/03/14 06:50:13.871,69.028153 ,61.884706 ,73.103206 ,84.984706 ,63.453206 ,64.997206 ,
2020/03/14 07:00:13.895,68.708322 ,61.384706 ,72.743206 ,82.284706 ,62.825206 ,65.390206 ,
2020/03/14 07:10:13.919,70.129489 ,61.184706 ,74.731206 ,82.984706 ,62.446206 ,64.903206 ,
2020/03/14 07:20:13.942,67.549045 ,61.184706 ,70.234706 ,82.184706 ,62.494706 ,63.934706 ,
2020/03/14 07:30:13.966,68.920040 ,61.384706 ,70.817706 ,84.184706 ,63.445706 ,65.191706 ,
2020/03/14 07:40:13.989,67.747308 ,63.484706 ,69.040706 ,85.684706 ,65.008706 ,66.016706 ,
2020/03/14 07:50:14.013,69.377318 ,63.584706 ,73.327206 ,81.684706 ,65.218206 ,66.331206 ,
2020/03/14 08:00:14.037,71.433201 ,65.584706 ,74.525706 ,82.784706 ,67.225706 ,69.415706 ,
2020/03/14 08:10:14.060,71.460533 ,65.084706 ,74.986206 ,83.984706 ,66.877206 ,68.467206 ,
2020/03/14 08:20:14.084,73.436845 ,64.684706 ,76.435206 ,84.284706 ,66.418206 ,72.937206 ,
2020/03/14 08:30:14.107,74.992892 ,69.484706 ,77.484206 ,86.984706 ,72.160206 ,73.975206 ,
2020/03/14 08:40:14.131,74.660861 ,66.884706 ,76.947706 ,83.684706 ,70.377706 ,74.027706 ,
2020/03/14 08:50:14.155,73.531915 ,65.984706 ,75.353206 ,95.584706 ,67.943206 ,70.166206 ,
2020/03/14 09:00:14.178,71.321238 ,65.684706 ,74.316206 ,82.984706 ,67.644206 ,69.312206 ,
2020/03/14 09:10:14.202,72.441580 ,64.884706 ,76.027206 ,83.884706 ,67.942206 ,70.087206 ,
2020/03/14 09:20:14.225,72.238930 ,67.084706 ,75.141706 ,83.484706 ,68.533706 ,70.539706 ,
2020/03/14 09:30:14.249,73.197409 ,68.184706 ,76.599206 ,84.784706 ,69.338206 ,70.708206 ,
2020/03/14 09:40:14.273,71.271935 ,67.784706 ,71.480706 ,84.784706 ,69.168706 ,69.848706 ,
2020/03/14 09:50:14.296,68.900248 ,66.284706 ,69.951706 ,76.484706 ,67.707706 ,68.499706 ,
2020/03/14 10:00:14.320,71.276738 ,66.984706 ,74.118706 ,84.184706 ,68.198706 ,68.790706 ,
2020/03/14 10:10:14.343,72.040141 ,66.084706 ,75.301206 ,82.684706 ,68.745206 ,70.235206 ,
2020/03/14 10:20:14.367,72.651726 ,67.884706 ,74.863206 ,95.484706 ,69.288206 ,70.180206 ,
2020/03/14 10:30:14.391,72.157149 ,67.684706 ,75.913706 ,83.184706 ,68.597706 ,69.777706 ,
2020/03/14 10:40:14.414,72.622619 ,68.384706 ,75.957206 ,85.084706 ,69.636206 ,70.668206 ,
2020/03/14 10:50:14.438,72.681134 ,67.884706 ,74.581706 ,83.584706 ,69.623706 ,72.035706 ,
2020/03/14 11:00:14.461,71.229429 ,67.384706 ,72.741706 ,84.884706 ,68.623706 ,69.333706 ,
2020/03/14 11:10:14.485,75.283644 ,66.384706 ,77.809206 ,90.884706 ,68.261206 ,71.516206 ,
2020/03/14 11:20:14.508,76.767436 ,67.884706 ,80.707706 ,89.484706 ,70.001706 ,72.021706 ,
2020/03/14 11:30:14.532,70.695061 ,61.684706 ,74.730706 ,87.684706 ,64.326706 ,67.794706 ,
2020/03/14 11:40:14.556,66.737828 ,61.784706 ,68.407206 ,81.784706 ,63.457206 ,64.612206 ,
2020/03/14 11:50:14.579,69.287135 ,61.084706 ,71.969706 ,82.984706 ,62.657706 ,66.149706 ,
2020/03/14 12:00:14.603,71.080088 ,63.484706 ,74.075706 ,85.884706 ,65.539706 ,68.449706 ,
2020/03/14 12:10:14.626,69.627181 ,62.384706 ,73.337706 ,84.484706 ,64.115706 ,65.507706 ,
2020/03/14 12:20:14.650,68.699681 ,62.984706 ,72.584706 ,83.184706 ,64.424706 ,65.544706 ,
2020/03/14 12:30:14.674,68.279580 ,63.384706 ,71.289706 ,81.284706 ,64.811706 ,66.233706 ,
2020/03/14 12:40:14.697,69.315171 ,64.484706 ,70.922206 ,76.484706 ,66.457206 ,69.117206 ,
2020/03/14 12:50:14.721,69.825975 ,63.084706 ,71.797206 ,82.584706 ,65.147206 ,68.472206 ,
2020/03/14 13:00:14.744,70.035240 ,63.384706 ,71.751206 ,81.284706 ,68.226206 ,69.072206 ,
2020/03/14 13:10:14.768,69.011593 ,60.584706 ,70.664206 ,82.084706 ,63.228206 ,68.298206 ,
2020/03/14 13:20:14.792,70.603035 ,60.884706 ,72.833706 ,88.884706 ,64.877706 ,68.387706 ,
2020/03/14 13:30:14.815,67.436556 ,61.284706 ,69.519706 ,82.784706 ,63.059706 ,66.119706 ,
2020/03/14 13:40:14.839,70.448609 ,61.584706 ,72.037206 ,86.384706 ,66.382206 ,68.917206 ,
2020/03/14 13:50:14.862,70.220267 ,61.684706 ,73.102706 ,84.384706 ,63.986706 ,68.226706 ,
2020/03/14 14:00:14.886,66.391027 ,63.584706 ,67.577206 ,81.184706 ,64.932206 ,65.967206 ,
2020/03/14 14:10:14.910,66.441501 ,63.084706 ,67.939706 ,81.784706 ,64.589706 ,65.929706 ,
2020/03/14 14:20:14.933,66.558929 ,63.284706 ,67.552206 ,85.284706 ,64.812206 ,65.908206 ,
2020/03/14 14:30:14.957,66.049937 ,63.284706 ,67.165206 ,73.084706 ,64.547206 ,65.702206 ,
2020/03/14 14:40:14.980,66.038314 ,63.384706 ,66.984206 ,74.084706 ,64.878206 ,65.850206 ,
2020/03/14 14:50:15.004,65.346069 ,61.984706 ,66.604206 ,71.184706 ,63.790206 ,65.063206 ,
2020/03/14 15:00:15.028,65.653560 ,62.684706 ,66.694706 ,79.984706 ,64.042706 ,65.134706 ,
2020/03/14 15:10:15.051,65.742245 ,59.784706 ,68.103706 ,78.684706 ,62.127706 ,63.289706 ,
2020/03/14 15:20:15.075,65.475893 ,59.884706 ,67.636706 ,79.684706 ,61.652706 ,63.236706 ,
